6;2025-02-07 21:35:24;Четвертый заголовок;Текст заметки №4
15;2023-02-11 13:48:10;sfas;asdgd sadgsdg sd gsd
14;2023-02-11 10:31:24;sdgfdsgf;sdg
11;2023-02-11 10:23:09;Привет 2;Очень большой привет!!!!!!!
10;2023-02-09 22:55:24;Универсам Первый;Рыба, мясо, фрукты
9;2023-02-09 22:52:06;Парикмахерская;Возле метро. Стоимость 590 р.
3;2023-02-09 20:32:21;Третий заголовок;Текст заметки #3
5;2023-02-09 20:32:21;Третий заголовок;Текст заметки #3
7;2023-02-09 20:32:21; ttttttt заголовок; Текст заметки #444
8;2023-02-09 20:32:21;ttttttt заголовок;Текст заметки #444
4;2023-02-07 21:35:24;Четвертый заголовок;Текст заметки №4
